begin;

insert into public.maps (id, title, type, image_url, sort_order, active) values
  ('world-atlas', 'World Atlas', 'hub', 'assets/map/world-atlas-hub-v2.png', 0, true),
  ('strategy-plains', 'Strategy Plains', 'region', 'assets/map/regions/strategy-plains.png', 1, true),
  ('engine-highlands', 'Engine Highlands', 'region', 'assets/map/regions/engine-highlands.png', 2, true),
  ('route-territory-coast', 'Route & Territory Coast', 'region', 'assets/map/regions/route-territory-coast.png', 3, true),
  ('social-isles', 'Social Isles', 'region', 'assets/map/regions/social-isles.png', 4, true),
  ('wagering-port', 'Wagering Port', 'region', 'assets/map/regions/wagering-port.png', 5, true),
  ('mystery-district', 'Mystery District', 'region', 'assets/map/regions/mystery-district.png', 6, true)
on conflict do nothing;

insert into public.map_regions (id, map_id, title, description, image_url, sort_order) values
  ('strategy-plains', 'world-atlas', 'Strategy Plains', 'Introductory strategy, card, set, and abstract games.', 'assets/map/regions/strategy-plains.png', 1),
  ('engine-highlands', 'world-atlas', 'Engine Highlands', 'Build-up, engine, resource, and economy games.', 'assets/map/regions/engine-highlands.png', 2),
  ('route-territory-coast', 'world-atlas', 'Route & Territory Coast', 'Route building, area control, tile placement, and territory games.', 'assets/map/regions/route-territory-coast.png', 3),
  ('social-isles', 'world-atlas', 'Social Isles', 'Social deduction, mafia, negotiation, and party-driven games.', 'assets/map/regions/social-isles.png', 4),
  ('wagering-port', 'world-atlas', 'Wagering Port', 'Betting, prediction, auction, and trading games.', 'assets/map/regions/wagering-port.png', 5),
  ('mystery-district', 'world-atlas', 'Mystery District', 'Deduction, murder mystery, escape-room, and investigation games.', 'assets/map/regions/mystery-district.png', 6)
on conflict do nothing;

insert into public.board_games (id, title, primary_genre, genres, theme, recommended_players, play_time, difficulty, region_id, source_order) values
  ('game-001', '달무티', '전략', array['전략']::text[], '계급, 카드 전략', '5~8인', '20분', 'Easy', 'strategy-plains', 1),
  ('game-002', '스컬킹', '전략', array['전략', '심리']::text[], '승리 예측, 베팅', '3~6인', '30분', 'Normal', 'wagering-port', 2),
  ('game-003', '아줄', '전략', array['전략']::text[], '세트 모으기', '2~4인', '40분', 'Normal', 'strategy-plains', 3),
  ('game-004', '로스트시티', '전략', array['전략']::text[], '빌드업, 카드 전략', '2인', '20분', 'Easy', 'engine-highlands', 4),
  ('game-005', '티켓 투 라이드', '전략', array['전략', '심리']::text[], '기차길 연결, 미션', '3~5인', '40분', 'Normal', 'route-territory-coast', 5),
  ('game-006', '센추리: 향신료의 길', '전략', array['전략']::text[], '카드 전략', '2~5인', '40분', 'Normal', 'route-territory-coast', 6),
  ('game-007', '이스탄불 주사위게임', '전략', array['전략']::text[], '주사위', '2~4인', '40분', 'Normal', 'strategy-plains', 7),
  ('game-008', '렉시오', '전략', array['전략']::text[], '조합', '3~5인', '30분', 'Normal', 'strategy-plains', 8),
  ('game-009', '노땡스', '전략', array['전략', '베팅', '심리']::text[], '카드 경매', '3~5인', '20분', 'Easy', 'wagering-port', 9),
  ('game-010', '윙스팬', '전략', array['전략']::text[], '빌드업', '2~4인', '50분', 'Semi-Hard', 'engine-highlands', 10),
  ('game-011', '카탄', '전략', array['전략', '협상']::text[], '', '3~4인', '60분', 'Semi-Hard', 'social-isles', 11),
  ('game-012', '스플렌더', '전략', array['전략']::text[], '카드 전략', '2~4인', '45분', 'Normal', 'engine-highlands', 12),
  ('game-013', '캐스캐디아', '전략', array['전략']::text[], '생태계, 배치', '2~4인', '30분', 'Normal', 'route-territory-coast', 13),
  ('game-014', '포션폭발', '전략', array['전략']::text[], '구슬 콤보, 세트 만들기', '2~4인', '45분', 'Normal', 'strategy-plains', 14),
  ('game-015', '랩터', '전략', array['전략']::text[], '대결', '2인', '30분', 'Normal', 'strategy-plains', 15),
  ('game-016', '커피러시', '전략', array['전략']::text[], '운영', '2~4인', '30분', 'Normal', 'engine-highlands', 16),
  ('game-017', '샤크', '전략', array['전략']::text[], '주식', '4~6인', '60분', 'Normal', 'engine-highlands', 17),
  ('game-018', '시타델', '전략', array['전략', '심리']::text[], '경쟁', '4~8인', '60분', 'Semi-Hard', 'engine-highlands', 18),
  ('game-019', '마라케시', '전략', array['전략']::text[], '영역 먹기', '2~4인', '30분', 'Easy', 'route-territory-coast', 19),
  ('game-020', '파워그리드', '전략', array['전략', '베팅']::text[], '', '3~6인', '120분', 'Hard', 'wagering-port', 20),
  ('game-021', '사보타지', '전략', array['전략', '마피아', '심리']::text[], '길 연결', '5~10인', '30분', 'Normal', 'social-isles', 21),
  ('game-022', '슬리핑 퀸즈', '전략', array['전략']::text[], '카드', '2~5인', '15분', 'Easy', 'strategy-plains', 22),
  ('game-023', '티키토플', '전략', array['전략', '심리']::text[], '방해', '3~4인', '20분', 'Easy', 'social-isles', 23),
  ('game-024', '아그리콜라(개정판)', '전략', array['전략']::text[], '농사', '2~4인', '150분', 'Hard', 'engine-highlands', 24),
  ('game-025', '스페이스 크루', '전략', array['전략']::text[], '미션, 협동', '3~4인', '25분', 'Normal', 'strategy-plains', 25),
  ('game-026', '패치워크', '전략', array['전략']::text[], '배치', '2인', '25분', 'Normal', 'route-territory-coast', 26),
  ('game-027', '석기시대', '전략', array['전략']::text[], '운영', '2~4인', '60분', 'Normal', 'engine-highlands', 27),
  ('game-028', '뱅', '전략', array['전략', '마피아']::text[], '', '5~7인', '35분', 'Normal', 'social-isles', 28),
  ('game-029', '지킬 대 하이드', '전략', array['전략']::text[], '대결, 승패 조절', '2인', '20분', 'Normal', 'strategy-plains', 29),
  ('game-030', '돌팔이 약장수', '전략', array['전략']::text[], '운영 만들기', '2~4인', '45분', 'Semi-Hard', 'engine-highlands', 30),
  ('game-031', '사그라다', '전략', array['전략', '심리']::text[], '배치, 미션', '2~4인', '40분', 'Normal', 'route-territory-coast', 31),
  ('game-032', '줄리앤로저', '전략', array['전략']::text[], '밀쳐내기', '2인', '20분', 'Normal', 'strategy-plains', 32),
  ('game-033', '빛의 도시 파리', '전략', array['전략']::text[], '배치', '2인', '30분', 'Normal', 'route-territory-coast', 33),
  ('game-034', '큐윅스', '전략', array['전략']::text[], '주사위', '2~5인', '15분', 'Easy', 'strategy-plains', 34),
  ('game-035', '스플렌더 대결', '전략', array['전략']::text[], '카드 전략', '2인', '30분', 'Normal', 'engine-highlands', 35),
  ('game-036', '센추리: 신대륙의 개척자', '전략', array['전략']::text[], '', '2~4인', '30분', 'Normal', 'engine-highlands', 36),
  ('game-037', '어콰이어', '전략', array['전략', '베팅']::text[], '주식', '3~6인', '90분', 'Semi-Hard', 'wagering-port', 37),
  ('game-038', '카르카손', '전략', array['전략']::text[], '길 놓기', '2~4인', '30분', 'Normal', 'route-territory-coast', 38),
  ('game-039', '지도제작자들', '전략', array['전략']::text[], '그리기, 미션', '2~12인', '30분', 'Easy', 'route-territory-coast', 39),
  ('game-040', '쿼리도', '전략', array['전략']::text[], '추상 전략', '2인', '20분', 'Easy', 'strategy-plains', 40),
  ('game-041', '벌룬컵', '전략', array['전략']::text[], '빌드업, 카드 전략', '2인', '20분', 'Easy', 'engine-highlands', 41),
  ('game-042', '스플렌더: 포켓몬', '전략', array['전략']::text[], '카드 전략', '2~4인', '30분', 'Normal', 'engine-highlands', 42),
  ('game-043', '인쉬', '전략', array['전략']::text[], '추상 전략, 오목', '2인', '20분', 'Easy', 'route-territory-coast', 43),
  ('game-044', '배틀쉽', '전략', array['전략']::text[], '영역먹기', '2~4인', '15분', 'Easy', 'route-territory-coast', 44),
  ('game-045', '쇼텐토텐', '전략', array['전략']::text[], '조합, 대결', '2인', '20분', 'Easy', 'strategy-plains', 45),
  ('game-046', '코드네임 듀엣', '전략', array['전략', '심리']::text[], '단어 추리, 협동', '2인', '20분', 'Easy', 'social-isles', 46),
  ('game-047', '달러 투 도넛', '전략', array['전략']::text[], '운영', '2~4인', '30분', 'Normal', 'engine-highlands', 47),
  ('game-048', '블로커스', '전략', array['전략']::text[], '추상 전략, 영역먹기', '2~4인', '15분', 'Easy', 'route-territory-coast', 48),
  ('game-049', '킹도미노', '전략', array['전략', '베팅']::text[], '배치', '2~4인', '20분', 'Easy', 'wagering-port', 49),
  ('game-050', '젬블로', '전략', array['전략']::text[], '추상 전략, 영역먹기', '3~6인', '15분', 'Easy', 'route-territory-coast', 50),
  ('game-051', '고스트', '전략', array['전략', '심리']::text[], '말 이동', '2인', '10분', 'Easy', 'route-territory-coast', 51),
  ('game-052', '팬데믹', '전략', array['전략']::text[], '협동', '2~4인', '45분', 'Semi-Hard', 'engine-highlands', 52),
  ('game-053', '화이트홀', '전략', array['전략', '추리']::text[], '범인 추적, 심리', '2~4인', '45분', 'Semi-Hard', 'engine-highlands', 53),
  ('game-054', '풍기', '전략', array['전략']::text[], '카드 전략', '2인', '30분', 'Normal', 'strategy-plains', 54),
  ('game-055', '서바이브', '전략', array['전략', '심리']::text[], '협동, 견제, 탈출', '3~4인', '60분', 'Normal', 'route-territory-coast', 55),
  ('game-056', '티켓 투 라이드: 유럽', '전략', array['전략', '심리']::text[], '기차길 연결, 미션', '3~5인', '60분', 'Normal', 'route-territory-coast', 56),
  ('game-057', '뱅! 다이스', '전략', array['전략', '마피아']::text[], '주사위, 주사위 효과', '5~8인', '15분', 'Normal', 'social-isles', 57),
  ('game-058', '페루도', '전략', array['전략', '베팅', '심리']::text[], '속임수', '3~6인', '30분', 'Normal', 'wagering-port', 58),
  ('game-059', '크라임호텔', '전략', array['전략', '협상']::text[], '숫자 추리', '3~4인', '30분', 'Normal', 'social-isles', 59),
  ('game-060', '세븐원더스: 듀얼', '전략', array['전략']::text[], '대결', '2인', '60분', 'Semi-Hard', 'engine-highlands', 60),
  ('game-061', '버건디의 성', '전략', array['전략']::text[], '건설', '2~4인', '90분', 'Semi-Hard', 'engine-highlands', 61),
  ('game-062', '타르기', '전략', array['전략']::text[], '', '2인', '60분', 'Semi-Hard', 'engine-highlands', 62),
  ('game-063', '영리한 여우', '전략', array['전략']::text[], '주사위, 빙고', '2~4인', '25분', 'Easy', 'strategy-plains', 63),
  ('game-064', '티츄 딜럭스', '전략', array['전략']::text[], '카드 조합, 팀전', '4인', '60분', 'Semi-Hard', 'engine-highlands', 64),
  ('game-065', '테라포밍 마스', '전략', array['전략']::text[], '', '2~4인', '120분', 'Hard', 'engine-highlands', 65),
  ('game-066', '인코그니토', '전략', array['전략', '심리']::text[], '동료 찾기, 미션', '4인', '60분', 'Normal', 'social-isles', 66),
  ('game-067', '도미니언', '전략', array['전략']::text[], '빌드업, 카드 전략', '2~4인', '40분', 'Semi-Hard', 'engine-highlands', 67),
  ('game-068', '라비린스', '전략', array['전략']::text[], '미로, 보물 찾기', '2~4인', '20분', 'Very Easy', 'route-territory-coast', 68),
  ('game-069', '카탄: 도시와 기사', '전략', array['전략', '협상']::text[], '', '3~4인', '120분', 'Semi-Hard', 'social-isles', 69),
  ('game-070', '아발론', '전략', array['전략']::text[], '추상 전략', '2인', '20분', 'Easy', 'strategy-plains', 70),
  ('game-071', '초밥왕', '전략', array['전략']::text[], '세트 모으기', '3~5인', '20분', 'Easy', 'strategy-plains', 71),
  ('game-072', '푸에블로', '전략', array['전략']::text[], '블록 배치, 공간 감각', '2~4인', '60분', 'Easy', 'route-territory-coast', 72),
  ('game-073', '맨해튼', '전략', array['전략']::text[], '영역먹기, 블록 쌓기', '3~4인', '45분', 'Easy', 'route-territory-coast', 73),
  ('game-074', '마스크맨', '전략', array['전략']::text[], '카드 전략, 서열', '3~5인', '20분', 'Normal', 'strategy-plains', 74),
  ('game-075', '카후나', '전략', array['전략']::text[], '영향력', '2인', '30분', 'Normal', 'route-territory-coast', 75),
  ('game-076', '스탁파일', '전략', array['전략']::text[], '주식, 심리', '3~5인', '45분', 'Normal', 'engine-highlands', 76),
  ('game-077', '쿼클', '전략', array['전략']::text[], '세트 만들기', '2~4인', '30분', 'Easy', 'strategy-plains', 77),
  ('game-078', '인더스트리아', '전략', array['전략', '베팅']::text[], '경매', '3~4인', '40분', 'Normal', 'wagering-port', 78),
  ('game-079', '스트라테고', '전략', array['전략']::text[], '깃발 찾기, 심리', '2인', '45분', 'Easy', 'strategy-plains', 79),
  ('game-080', '카탄: 5~6인 확장', '전략', array['전략', '협상']::text[], '', '5~6인', '90분', 'Semi-Hard', 'social-isles', 80),
  ('game-081', '세트업', '전략', array['전략']::text[], '세트 만들기', '3~4인', '20분', 'Easy', 'strategy-plains', 81),
  ('game-082', '진라면', '전략', array['전략']::text[], '세트 모으기', '3~4인', '30분', 'Easy', 'strategy-plains', 82),
  ('game-083', '레지스탕스 아발론', '마피아', array['마피아', '심리']::text[], '', '6~10인', '40분', 'Semi-Hard', 'social-isles', 83),
  ('game-084', '디셉션: 홍콩 살인 사건', '마피아', array['마피아', '추리']::text[], '범죄 수사', '6~10인', '20분', 'Normal', 'social-isles', 84),
  ('game-085', '스파이폴', '마피아', array['마피아', '심리']::text[], '', '4~8인', '30분', 'Easy', 'social-isles', 85),
  ('game-086', '노터치 크라켄 디럭스 (크룰루를 건드리지마)', '마피아', array['마피아']::text[], '', '4~8인', '30분', 'Easy', 'social-isles', 86),
  ('game-087', '다잉메시지 확장판: 공범의 그림자', '마피아', array['마피아', '추리']::text[], '', '6~8인', '25분', 'Easy', 'social-isles', 87),
  ('game-088', '시크릿 히틀러', '마피아', array['마피아', '심리']::text[], '', '6~10인', '45분', 'Semi-Hard', 'social-isles', 88),
  ('game-089', '한밤의 늑대인간: 기본 캐릭터', '마피아', array['마피아', '추리']::text[], '', '5~10인', '15분', 'Normal', 'social-isles', 89),
  ('game-090', '가짜예술가 뉴욕에 가다', '마피아', array['마피아']::text[], '이어 그리기', '5~10인', '15분', 'Easy', 'social-isles', 90),
  ('game-091', '서스펙트 게임', '마피아', array['마피아', '머더미스터리', '추리']::text[], '역할극, 범죄 수사', '4인', '90분', 'Normal', 'mystery-district', 91),
  ('game-092', '스파이폴 2', '마피아', array['마피아', '심리']::text[], '', '5~12인', '30분', 'Easy', 'social-isles', 92),
  ('game-093', '누가 치즈를 훔쳤을까', '마피아', array['마피아', '심리']::text[], '', '5~8인', '15분', 'Easy', 'social-isles', 93),
  ('game-094', '세일럼 1692', '마피아', array['마피아']::text[], '', '6~12인', '30분', 'Semi-Hard', 'social-isles', 94),
  ('game-095', '알리바이', '머더미스터리', array['머더미스터리']::text[], '역할극, 추리', '4~6인', '60분', 'Normal', 'mystery-district', 95),
  ('game-096', '서스펙트 게임: 리로드', '머더미스터리', array['머더미스터리']::text[], '역할추리', '3인', '60분', 'Normal', 'mystery-district', 96),
  ('game-097', '2명의 증언자', '머더미스터리', array['머더미스터리']::text[], '', '2인', '30분', 'Normal', 'mystery-district', 97),
  ('game-098', '크림향 남자와 만주의 죽음', '머더미스터리', array['머더미스터리']::text[], '', '4인', '90분', 'Normal', 'mystery-district', 98),
  ('game-099', '운명의 세 여신: 우르드', '머더미스터리', array['머더미스터리']::text[], '', '4인', '120분', 'Normal', 'mystery-district', 99),
  ('game-100', '운명의 세 여신: 베르단디', '머더미스터리', array['머더미스터리']::text[], '', '4인', '120분', 'Normal', 'mystery-district', 100),
  ('game-101', '데드박스', '머더미스터리', array['머더미스터리']::text[], '', '2인', '60분', 'Normal', 'mystery-district', 101),
  ('game-102', '운명의 세 여신: 스쿨드', '머더미스터리', array['머더미스터리']::text[], '', '4인', '120분', 'Normal', 'mystery-district', 102),
  ('game-103', '모던아트', '베팅', array['베팅', '협상']::text[], '그림 경매', '4~5인', '45분', 'Normal', 'wagering-port', 103),
  ('game-104', '인디언포커', '베팅', array['베팅', '심리']::text[], '카드 베팅, 카드심리', '2~6인', '30분', 'Easy', 'wagering-port', 104),
  ('game-105', '포세일', '베팅', array['베팅', '심리']::text[], '카드 경매, 부동산', '3~6인', '20분', 'Easy', 'wagering-port', 105),
  ('game-106', '바방크', '베팅', array['베팅', '심리']::text[], '', '4~6인', '35분', 'Normal', 'wagering-port', 106),
  ('game-107', '캔트스탑', '베팅', array['베팅']::text[], '주사위, 운빨, 하이리스크', '2~4인', '30분', 'Easy', 'wagering-port', 107),
  ('game-108', '카멜업 2판', '베팅', array['베팅']::text[], '낙타 경마', '4~8인', '40분', 'Normal', 'wagering-port', 108),
  ('game-109', '독수리 눈치싸움', '베팅', array['베팅', '심리']::text[], '', '3~5인', '20분', 'Very Easy', 'wagering-port', 109),
  ('game-110', '위너스서클', '베팅', array['베팅']::text[], '경마', '4~6인', '45분', 'Normal', 'wagering-port', 110),
  ('game-111', '하이소사이어티', '베팅', array['베팅', '심리']::text[], '카드 경매', '4~5인', '15분', 'Easy', 'wagering-port', 111),
  ('game-112', '블러프', '베팅', array['베팅', '심리']::text[], '속임수', '3~6인', '30분', 'Normal', 'wagering-port', 112),
  ('game-113', '다이브', '베팅', array['베팅']::text[], '예측', '2~4인', '25분', 'Normal', 'wagering-port', 113),
  ('game-114', '배럴다이스', '베팅', array['베팅']::text[], '심리', '4~5인', '30분', 'Normal', 'wagering-port', 114),
  ('game-115', '다빈치코드', '심리', array['심리', '추리']::text[], '숫자 추리', '2~4인', '20분', 'Easy', 'social-isles', 115),
  ('game-116', '코드네임 픽처스', '심리', array['심리']::text[], '그림 추리, 팀전', '4~8인', '30분', 'Easy', 'social-isles', 116),
  ('game-117', '레지스탕스: 쿠', '심리', array['심리']::text[], '거짓말', '4~6인', '15분', 'Normal', 'social-isles', 117),
  ('game-118', '코드네임', '심리', array['심리']::text[], '단어 추리, 팀전', '4~8인', '30분', 'Easy', 'social-isles', 118),
  ('game-119', '딕싯', '심리', array['심리']::text[], '그림 연상', '4~6인', '20분', 'Easy', 'social-isles', 119),
  ('game-120', '라스베가스', '심리', array['심리']::text[], '주사위 베팅, 방해', '3~5인', '35분', 'Easy', 'wagering-port', 120),
  ('game-121', '저스트원', '심리', array['심리']::text[], '단어 퀴즈, 협동', '4~7인', '20분', 'Very Easy', 'social-isles', 121),
  ('game-122', '차오차오', '심리', array['심리']::text[], '속임수', '3~5인', '20분', 'Easy', 'social-isles', 122),
  ('game-123', '머핀타임', '심리', array['심리']::text[], '예능, 카드 효과', '3~6인', '30분', 'Easy', 'social-isles', 123),
  ('game-124', '보난자', '심리', array['심리', '협상']::text[], '카드 협상', '4~5인', '50분', 'Normal', 'social-isles', 124),
  ('game-125', '더 게임', '심리', array['심리']::text[], '숫자 협동, 협동', '2~4인', '20분', 'Easy', 'social-isles', 125),
  ('game-126', '월유레미 (데어이쓰)', '심리', array['심리']::text[], '말 이동', '2인', '10분', 'Easy', 'route-territory-coast', 126),
  ('game-127', '티켓 투 라이드: 노르딕 컨트리', '심리', array['심리']::text[], '기차길 연결, 미션', '2~3인', '45분', 'Normal', 'route-territory-coast', 127),
  ('game-128', '나방속이기 (장난꾸러기 나방)', '심리', array['심리']::text[], '카드 버리기', '4~5인', '20분', 'Easy', 'social-isles', 128),
  ('game-129', '젝스님트', '심리', array['심리']::text[], '숫자 배열', '4~10인', '30분', 'Easy', 'social-isles', 129),
  ('game-130', '디크립토', '심리', array['심리', '추리']::text[], '팀전, 단어 추리', '4~8인', '30분', 'Normal', 'social-isles', 130),
  ('game-131', '노팅엄의 지방관', '심리', array['심리', '협상']::text[], '거짓말', '4~5인', '50분', 'Normal', 'social-isles', 131),
  ('game-132', '시퀀스', '심리', array['심리']::text[], '카드 오목, 팀전', '2~8인', '10분', 'Very Easy', 'route-territory-coast', 132),
  ('game-133', '하나비', '심리', array['심리']::text[], '소통, 협동', '3~5인', '25분', 'Easy', 'social-isles', 133),
  ('game-134', '러브레터', '심리', array['심리']::text[], '카드 추론', '3~4인', '20분', 'Easy', 'social-isles', 134),
  ('game-135', '포인트샐러드: 이브이 에디션', '심리', array['심리']::text[], '세트 모으기', '2~5인', '30분', 'Easy', 'social-isles', 135),
  ('game-136', '러브레터 (확장/다른판)', '심리', array['심리']::text[], '카드 효과, 추측', '3~5인', '20분', 'Easy', 'social-isles', 136),
  ('game-137', '셜록13', '추리', array['추리']::text[], '', '3~4인', '15분', 'Easy', 'mystery-district', 137),
  ('game-138', '13클루', '추리', array['추리']::text[], '', '3~5인', '30분', 'Easy', 'mystery-district', 138),
  ('game-139', '클루', '추리', array['추리']::text[], '', '3~6인', '35분', 'Normal', 'mystery-district', 139),
  ('game-140', '다잉메시지: 소설가의 마지막 문장', '추리', array['추리']::text[], '협동', '3~6인', '25분', 'Easy', 'mystery-district', 140),
  ('game-141', '파라노말 디텍티브', '추리', array['추리']::text[], '소통', '4~6인', '30분', 'Normal', 'mystery-district', 141),
  ('game-142', '전지적 추리시점', '추리', array['추리']::text[], '협동', '2~4인', '60분', 'Easy', 'mystery-district', 142),
  ('game-143', '언락 6', '방탈출', array['방탈출']::text[], '협동', '2~4인', '60분', 'Easy', 'mystery-district', 143),
  ('game-144', '아브라카왓', '추리', array['추리']::text[], '숫자 추리', '3~5인', '30분', 'Normal', 'mystery-district', 144),
  ('game-145', '언락 2', '방탈출', array['방탈출']::text[], '', '2~4인', '60분', 'Easy', 'mystery-district', 145),
  ('game-146', '언락 1', '방탈출', array['방탈출']::text[], '', '2~4인', '60분', 'Easy', 'mystery-district', 146),
  ('game-147', '도둑잡기', '추리', array['추리']::text[], '추격, 팀전', '2~6인', '45분', 'Easy', 'mystery-district', 147),
  ('game-148', '용의자들', '추리', array['추리']::text[], '범죄 수사', '2~4인', '60분', 'Easy', 'mystery-district', 148),
  ('game-149', '언락 5', '방탈출', array['방탈출']::text[], '', '2~4인', '60분', 'Easy', 'mystery-district', 149),
  ('game-150', '코드777', '추리', array['추리']::text[], '숫자 추리', '3~5인', '30분', 'Normal', 'mystery-district', 150),
  ('game-151', '언락 3', '방탈출', array['방탈출']::text[], '', '2~4인', '60분', 'Easy', 'mystery-district', 151),
  ('game-152', '언락 4', '방탈출', array['방탈출']::text[], '', '2~4인', '60분', 'Easy', 'mystery-district', 152),
  ('game-153', '도망자', '추리', array['추리']::text[], '추격', '2인', '20분', 'Easy', 'mystery-district', 153),
  ('game-154', '전지적 추리시점 블루', '추리', array['추리']::text[], '협동', '2~4인', '60분', 'Easy', 'mystery-district', 154),
  ('game-155', '아임더보스', '협상', array['협상']::text[], '', '4~6인', '60분', 'Normal', 'social-isles', 155),
  ('game-156', '자이푸르', '협상', array['협상']::text[], '세트 모으기', '2인', '30분', 'Easy', 'social-isles', 156),
  ('game-157', '셀레스티아', '협상', array['협상']::text[], '운, 속임수', '4~6인', '30분', 'Normal', 'social-isles', 157)
on conflict do nothing;

insert into public.board_game_locations (node_id, game_id, map_id, region_id, map_x, map_y, node_order, placement_status, placement_method, data) values
  ('strategy-plains-node-001', 'game-001', 'strategy-plains', 'strategy-plains', 56.449, 8.597, 1, 'placed', 'user-marked-v1-strategy-plains', '{"gameId":"game-001"}'::jsonb),
  ('wagering-port-node-001', 'game-002', 'wagering-port', 'wagering-port', 36.328, 8.105, 1, 'placed', 'user-marked-v1-wagering-port', '{"gameId":"game-002"}'::jsonb),
  ('strategy-plains-node-002', 'game-003', 'strategy-plains', 'strategy-plains', 34.965, 11.332, 2, 'placed', 'user-marked-v1-strategy-plains', '{"gameId":"game-003"}'::jsonb),
  ('engine-highlands-node-001', 'game-004', 'engine-highlands', 'engine-highlands', 36.136, 7.429, 1, 'placed', 'user-marked-v1-engine-highlands', '{"gameId":"game-004"}'::jsonb),
  ('route-territory-coast-node-001', 'game-005', 'route-territory-coast', 'route-territory-coast', 28.095, 8.695, 1, 'placed', 'user-marked-v1-route-territory-coast', '{"gameId":"game-005"}'::jsonb),
  ('route-territory-coast-node-002', 'game-006', 'route-territory-coast', 'route-territory-coast', 48.733, 10.844, 2, 'placed', 'user-marked-v1-route-territory-coast', '{"gameId":"game-006"}'::jsonb),
  ('strategy-plains-node-003', 'game-007', 'strategy-plains', 'strategy-plains', 68.038, 15.629, 3, 'placed', 'user-marked-v1-strategy-plains', '{"gameId":"game-007"}'::jsonb),
  ('strategy-plains-node-004', 'game-008', 'strategy-plains', 'strategy-plains', 49.288, 17.386, 4, 'placed', 'user-marked-v1-strategy-plains', '{"gameId":"game-008"}'::jsonb),
  ('wagering-port-node-002', 'game-009', 'wagering-port', 'wagering-port', 20.117, 12.109, 2, 'placed', 'user-marked-v1-wagering-port', '{"gameId":"game-009"}'::jsonb),
  ('engine-highlands-node-002', 'game-010', 'engine-highlands', 'engine-highlands', 89.782, 8.015, 2, 'placed', 'user-marked-v1-engine-highlands', '{"gameId":"game-010"}'::jsonb),
  ('social-isles-node-001', 'game-011', 'social-isles', 'social-isles', 47.416, 11.479, 1, 'placed', 'user-marked-v3-social-isles', '{"gameId":"game-011"}'::jsonb),
  ('engine-highlands-node-003', 'game-012', 'engine-highlands', 'engine-highlands', 55.146, 8.601, 3, 'placed', 'user-marked-v1-engine-highlands', '{"gameId":"game-012"}'::jsonb),
  ('route-territory-coast-node-003', 'game-013', 'route-territory-coast', 'route-territory-coast', 84.54, 13.285, 3, 'placed', 'user-marked-v1-route-territory-coast', '{"gameId":"game-013"}'::jsonb),
  ('strategy-plains-node-005', 'game-014', 'strategy-plains', 'strategy-plains', 31.905, 21.683, 5, 'placed', 'user-marked-v1-strategy-plains', '{"gameId":"game-014"}'::jsonb),
  ('strategy-plains-node-006', 'game-015', 'strategy-plains', 'strategy-plains', 81.579, 22.367, 6, 'placed', 'user-marked-v1-strategy-plains', '{"gameId":"game-015"}'::jsonb),
  ('engine-highlands-node-004', 'game-016', 'engine-highlands', 'engine-highlands', 23.115, 10.554, 4, 'placed', 'user-marked-v1-engine-highlands', '{"gameId":"game-016"}'::jsonb),
  ('engine-highlands-node-005', 'game-017', 'engine-highlands', 'engine-highlands', 45.901, 13.679, 5, 'placed', 'user-marked-v1-engine-highlands', '{"gameId":"game-017"}'::jsonb),
  ('engine-highlands-node-006', 'game-018', 'engine-highlands', 'engine-highlands', 77.933, 14.069, 6, 'placed', 'user-marked-v1-engine-highlands', '{"gameId":"game-018"}'::jsonb),
  ('route-territory-coast-node-004', 'game-019', 'route-territory-coast', 'route-territory-coast', 67.938, 13.676, 4, 'placed', 'user-marked-v1-route-territory-coast', '{"gameId":"game-019"}'::jsonb),
  ('wagering-port-node-003', 'game-020', 'wagering-port', 'wagering-port', 50.911, 14.844, 3, 'placed', 'user-marked-v1-wagering-port', '{"gameId":"game-020"}'::jsonb),
  ('social-isles-node-002', 'game-021', 'social-isles', 'social-isles', 41.195, 14.887, 2, 'placed', 'user-marked-v3-social-isles', '{"gameId":"game-021"}'::jsonb),
  ('strategy-plains-node-007', 'game-022', 'strategy-plains', 'strategy-plains', 62.373, 23.929, 7, 'placed', 'user-marked-v1-strategy-plains', '{"gameId":"game-022"}'::jsonb),
  ('social-isles-node-003', 'game-023', 'social-isles', 'social-isles', 53.162, 15.998, 3, 'placed', 'user-marked-v3-social-isles', '{"gameId":"game-023"}'::jsonb),
  ('engine-highlands-node-007', 'game-024', 'engine-highlands', 'engine-highlands', 26.696, 20.026, 7, 'placed', 'user-marked-v1-engine-highlands', '{"gameId":"game-024"}'::jsonb),
  ('strategy-plains-node-008', 'game-025', 'strategy-plains', 'strategy-plains', 23.376, 29.105, 8, 'placed', 'user-marked-v1-strategy-plains', '{"gameId":"game-025"}'::jsonb),
  ('route-territory-coast-node-005', 'game-026', 'route-territory-coast', 'route-territory-coast', 50.425, 18.754, 5, 'placed', 'user-marked-v1-route-territory-coast', '{"gameId":"game-026"}'::jsonb),
  ('engine-highlands-node-008', 'game-027', 'engine-highlands', 'engine-highlands', 13.349, 25.983, 8, 'placed', 'user-marked-v1-engine-highlands', '{"gameId":"game-027"}'::jsonb),
  ('social-isles-node-004', 'game-028', 'social-isles', 'social-isles', 71.9, 16.832, 4, 'placed', 'user-marked-v3-social-isles', '{"gameId":"game-028"}'::jsonb),
  ('strategy-plains-node-009', 'game-029', 'strategy-plains', 'strategy-plains', 91.54, 32.621, 9, 'placed', 'user-marked-v1-strategy-plains', '{"gameId":"game-029"}'::jsonb),
  ('engine-highlands-node-009', 'game-030', 'engine-highlands', 'engine-highlands', 36.136, 25.983, 9, 'placed', 'user-marked-v1-engine-highlands', '{"gameId":"game-030"}'::jsonb),
  ('route-territory-coast-node-006', 'game-031', 'route-territory-coast', 'route-territory-coast', 36.037, 20.219, 6, 'placed', 'user-marked-v1-route-territory-coast', '{"gameId":"game-031"}'::jsonb),
  ('strategy-plains-node-010', 'game-032', 'strategy-plains', 'strategy-plains', 56.905, 33.304, 10, 'placed', 'user-marked-v1-strategy-plains', '{"gameId":"game-032"}'::jsonb),
  ('route-territory-coast-node-007', 'game-033', 'route-territory-coast', 'route-territory-coast', 79.852, 23.734, 7, 'placed', 'user-marked-v1-route-territory-coast', '{"gameId":"game-033"}'::jsonb),
  ('strategy-plains-node-011', 'game-034', 'strategy-plains', 'strategy-plains', 35.551, 35.062, 11, 'placed', 'user-marked-v1-strategy-plains', '{"gameId":"game-034"}'::jsonb),
  ('engine-highlands-node-010', 'game-035', 'engine-highlands', 'engine-highlands', 89.131, 26.276, 10, 'placed', 'user-marked-v1-engine-highlands', '{"gameId":"game-035"}'::jsonb),
  ('engine-highlands-node-011', 'game-036', 'engine-highlands', 'engine-highlands', 63.87, 28.913, 11, 'placed', 'user-marked-v1-engine-highlands', '{"gameId":"game-036"}'::jsonb),
  ('wagering-port-node-004', 'game-037', 'wagering-port', 'wagering-port', 67.773, 16.309, 4, 'placed', 'user-marked-v1-wagering-port', '{"gameId":"game-037"}'::jsonb),
  ('route-territory-coast-node-008', 'game-038', 'route-territory-coast', 'route-territory-coast', 89.618, 24.223, 8, 'placed', 'user-marked-v1-route-territory-coast', '{"gameId":"game-038"}'::jsonb),
  ('route-territory-coast-node-009', 'game-039', 'route-territory-coast', 'route-territory-coast', 28.095, 29.106, 9, 'placed', 'user-marked-v1-route-territory-coast', '{"gameId":"game-039"}'::jsonb),
  ('strategy-plains-node-012', 'game-040', 'strategy-plains', 'strategy-plains', 79.235, 36.82, 12, 'placed', 'user-marked-v1-strategy-plains', '{"gameId":"game-040"}'::jsonb),
  ('engine-highlands-node-012', 'game-041', 'engine-highlands', 'engine-highlands', 78.649, 29.792, 12, 'placed', 'user-marked-v1-engine-highlands', '{"gameId":"game-041"}'::jsonb),
  ('engine-highlands-node-013', 'game-042', 'engine-highlands', 'engine-highlands', 51.11, 35.065, 13, 'placed', 'user-marked-v1-engine-highlands', '{"gameId":"game-042"}'::jsonb),
  ('route-territory-coast-node-010', 'game-043', 'route-territory-coast', 'route-territory-coast', 59.084, 30.473, 10, 'placed', 'user-marked-v1-route-territory-coast', '{"gameId":"game-043"}'::jsonb),
  ('route-territory-coast-node-011', 'game-044', 'route-territory-coast', 'route-territory-coast', 43.654, 33.402, 11, 'placed', 'user-marked-v1-route-territory-coast', '{"gameId":"game-044"}'::jsonb),
  ('strategy-plains-node-013', 'game-045', 'strategy-plains', 'strategy-plains', 66.019, 39.75, 13, 'placed', 'user-marked-v1-strategy-plains', '{"gameId":"game-045"}'::jsonb),
  ('social-isles-node-005', 'game-046', 'social-isles', 'social-isles', 25.24, 19.61, 5, 'placed', 'user-marked-v3-social-isles', '{"gameId":"game-046"}'::jsonb),
  ('engine-highlands-node-014', 'game-047', 'engine-highlands', 'engine-highlands', 11.852, 37.507, 14, 'placed', 'user-marked-v1-engine-highlands', '{"gameId":"game-047"}'::jsonb),
  ('route-territory-coast-node-012', 'game-048', 'route-territory-coast', 'route-territory-coast', 68.394, 39.066, 12, 'placed', 'user-marked-v1-route-territory-coast', '{"gameId":"game-048"}'::jsonb),
  ('wagering-port-node-005', 'game-049', 'wagering-port', 'wagering-port', 31.706, 20.996, 5, 'placed', 'user-marked-v1-wagering-port', '{"gameId":"game-049"}'::jsonb),
  ('route-territory-coast-node-013', 'game-050', 'route-territory-coast', 'route-territory-coast', 36.949, 39.945, 13, 'placed', 'user-marked-v1-route-territory-coast', '{"gameId":"game-050"}'::jsonb),
  ('route-territory-coast-node-014', 'game-051', 'route-territory-coast', 'route-territory-coast', 86.558, 43.363, 14, 'placed', 'user-marked-v1-route-territory-coast', '{"gameId":"game-051"}'::jsonb),
  ('engine-highlands-node-015', 'game-052', 'engine-highlands', 'engine-highlands', 27.672, 38.288, 15, 'placed', 'user-marked-v1-engine-highlands', '{"gameId":"game-052"}'::jsonb),
  ('engine-highlands-node-016', 'game-053', 'engine-highlands', 'engine-highlands', 67.386, 41.218, 16, 'placed', 'user-marked-v1-engine-highlands', '{"gameId":"game-053"}'::jsonb),
  ('strategy-plains-node-014', 'game-054', 'strategy-plains', 'strategy-plains', 40.498, 45.707, 14, 'placed', 'user-marked-v1-strategy-plains', '{"gameId":"game-054"}'::jsonb),
  ('route-territory-coast-node-015', 'game-055', 'route-territory-coast', 'route-territory-coast', 9.93, 47.074, 15, 'placed', 'user-marked-v1-route-territory-coast', '{"gameId":"game-055"}'::jsonb),
  ('route-territory-coast-node-016', 'game-056', 'route-territory-coast', 'route-territory-coast', 53.55, 47.367, 16, 'placed', 'user-marked-v1-route-territory-coast', '{"gameId":"game-056"}'::jsonb),
  ('social-isles-node-006', 'game-057', 'social-isles', 'social-isles', 47.642, 19.745, 6, 'placed', 'user-marked-v3-social-isles', '{"gameId":"game-057"}'::jsonb),
  ('wagering-port-node-006', 'game-058', 'wagering-port', 'wagering-port', 10.742, 22.754, 6, 'placed', 'user-marked-v1-wagering-port', '{"gameId":"game-058"}'::jsonb),
  ('social-isles-node-007', 'game-059', 'social-isles', 'social-isles', 66.798, 20.998, 7, 'placed', 'user-marked-v3-social-isles', '{"gameId":"game-059"}'::jsonb),
  ('engine-highlands-node-017', 'game-060', 'engine-highlands', 'engine-highlands', 84.508, 44.44, 17, 'placed', 'user-marked-v1-engine-highlands', '{"gameId":"game-060"}'::jsonb),
  ('engine-highlands-node-018', 'game-061', 'engine-highlands', 'engine-highlands', 40.302, 44.929, 18, 'placed', 'user-marked-v1-engine-highlands', '{"gameId":"game-061"}'::jsonb),
  ('engine-highlands-node-019', 'game-062', 'engine-highlands', 'engine-highlands', 58.271, 47.663, 19, 'placed', 'user-marked-v1-engine-highlands', '{"gameId":"game-062"}'::jsonb),
  ('strategy-plains-node-015', 'game-063', 'strategy-plains', 'strategy-plains', 25.329, 46.097, 15, 'placed', 'user-marked-v1-strategy-plains', '{"gameId":"game-063"}'::jsonb),
  ('engine-highlands-node-020', 'game-064', 'engine-highlands', 'engine-highlands', 27.933, 52.644, 20, 'placed', 'user-marked-v1-engine-highlands', '{"gameId":"game-064"}'::jsonb),
  ('engine-highlands-node-021', 'game-065', 'engine-highlands', 'engine-highlands', 13.805, 55.378, 21, 'placed', 'user-marked-v1-engine-highlands', '{"gameId":"game-065"}'::jsonb),
  ('social-isles-node-008', 'game-066', 'social-isles', 'social-isles', 81.646, 24.118, 8, 'placed', 'user-marked-v3-social-isles', '{"gameId":"game-066"}'::jsonb),
  ('engine-highlands-node-022', 'game-067', 'engine-highlands', 'engine-highlands', 67.776, 58.015, 22, 'placed', 'user-marked-v1-engine-highlands', '{"gameId":"game-067"}'::jsonb),
  ('route-territory-coast-node-017', 'game-068', 'route-territory-coast', 'route-territory-coast', 27.183, 48.051, 17, 'placed', 'user-marked-v1-route-territory-coast', '{"gameId":"game-068"}'::jsonb),
  ('social-isles-node-009', 'game-069', 'social-isles', 'social-isles', 16.427, 25.86, 9, 'placed', 'user-marked-v3-social-isles', '{"gameId":"game-069"}'::jsonb),
  ('strategy-plains-node-016', 'game-070', 'strategy-plains', 'strategy-plains', 88.61, 47.074, 16, 'placed', 'user-marked-v1-strategy-plains', '{"gameId":"game-070"}'::jsonb),
  ('strategy-plains-node-017', 'game-071', 'strategy-plains', 'strategy-plains', 15.108, 50.492, 17, 'placed', 'user-marked-v1-strategy-plains', '{"gameId":"game-071"}'::jsonb),
  ('route-territory-coast-node-018', 'game-072', 'route-territory-coast', 'route-territory-coast', 70.022, 51.273, 18, 'placed', 'user-marked-v1-route-territory-coast', '{"gameId":"game-072"}'::jsonb),
  ('route-territory-coast-node-019', 'game-073', 'route-territory-coast', 'route-territory-coast', 36.819, 55.766, 19, 'placed', 'user-marked-v1-route-territory-coast', '{"gameId":"game-073"}'::jsonb),
  ('strategy-plains-node-018', 'game-074', 'strategy-plains', 'strategy-plains', 60.29, 52.347, 18, 'placed', 'user-marked-v1-strategy-plains', '{"gameId":"game-074"}'::jsonb),
  ('route-territory-coast-node-020', 'game-075', 'route-territory-coast', 'route-territory-coast', 7.977, 63.676, 20, 'placed', 'user-marked-v1-route-territory-coast', '{"gameId":"game-075"}'::jsonb),
  ('engine-highlands-node-023', 'game-076', 'engine-highlands', 'engine-highlands', 82.099, 60.163, 23, 'placed', 'user-marked-v1-engine-highlands', '{"gameId":"game-076"}'::jsonb),
  ('strategy-plains-node-019', 'game-077', 'strategy-plains', 'strategy-plains', 81.579, 58.304, 19, 'placed', 'user-marked-v1-strategy-plains', '{"gameId":"game-077"}'::jsonb),
  ('wagering-port-node-007', 'game-078', 'wagering-port', 'wagering-port', 73.828, 26.27, 7, 'placed', 'user-marked-v1-wagering-port', '{"gameId":"game-078"}'::jsonb),
  ('strategy-plains-node-020', 'game-079', 'strategy-plains', 'strategy-plains', 94.795, 59.281, 20, 'placed', 'user-marked-v1-strategy-plains', '{"gameId":"game-079"}'::jsonb),
  ('social-isles-node-010', 'game-080', 'social-isles', 'social-isles', 22.55, 26.137, 10, 'placed', 'user-marked-v3-social-isles', '{"gameId":"game-080"}'::jsonb),
  ('strategy-plains-node-021', 'game-081', 'strategy-plains', 'strategy-plains', 45.251, 63.871, 21, 'placed', 'user-marked-v1-strategy-plains', '{"gameId":"game-081"}'::jsonb),
  ('strategy-plains-node-022', 'game-082', 'strategy-plains', 'strategy-plains', 66.215, 65.433, 22, 'placed', 'user-marked-v1-strategy-plains', '{"gameId":"game-082"}'::jsonb),
  ('social-isles-node-011', 'game-083', 'social-isles', 'social-isles', 68.195, 27.729, 11, 'placed', 'user-marked-v3-social-isles', '{"gameId":"game-083"}'::jsonb),
  ('social-isles-node-012', 'game-084', 'social-isles', 'social-isles', 79.234, 30.368, 12, 'placed', 'user-marked-v3-social-isles', '{"gameId":"game-084"}'::jsonb),
  ('social-isles-node-013', 'game-085', 'social-isles', 'social-isles', 73.106, 30.998, 13, 'placed', 'user-marked-v3-social-isles', '{"gameId":"game-085"}'::jsonb),
  ('social-isles-node-014', 'game-086', 'social-isles', 'social-isles', 13.922, 34.193, 14, 'placed', 'user-marked-v3-social-isles', '{"gameId":"game-086"}'::jsonb),
  ('social-isles-node-015', 'game-087', 'social-isles', 'social-isles', 24.776, 37.665, 15, 'placed', 'user-marked-v3-social-isles', '{"gameId":"game-087"}'::jsonb),
  ('social-isles-node-016', 'game-088', 'social-isles', 'social-isles', 49.364, 41.757, 16, 'placed', 'user-marked-v3-social-isles', '{"gameId":"game-088"}'::jsonb),
  ('social-isles-node-017', 'game-089', 'social-isles', 'social-isles', 59.568, 42.035, 17, 'placed', 'user-marked-v3-social-isles', '{"gameId":"game-089"}'::jsonb),
  ('social-isles-node-018', 'game-090', 'social-isles', 'social-isles', 46.483, 47.526, 18, 'placed', 'user-marked-v3-social-isles', '{"gameId":"game-090"}'::jsonb),
  ('mystery-district-node-001', 'game-091', 'mystery-district', 'mystery-district', 19.794, 15.143, 1, 'placed', 'user-marked-v1-mystery-district', '{"gameId":"game-091"}'::jsonb),
  ('social-isles-node-019', 'game-092', 'social-isles', 'social-isles', 63.464, 48.007, 19, 'placed', 'user-marked-v3-social-isles', '{"gameId":"game-092"}'::jsonb),
  ('social-isles-node-020', 'game-093', 'social-isles', 'social-isles', 89.433, 50.165, 20, 'placed', 'user-marked-v3-social-isles', '{"gameId":"game-093"}'::jsonb),
  ('social-isles-node-021', 'game-094', 'social-isles', 'social-isles', 59.934, 54.193, 21, 'placed', 'user-marked-v3-social-isles', '{"gameId":"game-094"}'::jsonb),
  ('mystery-district-node-002', 'game-095', 'mystery-district', 'mystery-district', 42.906, 15.436, 2, 'placed', 'user-marked-v1-mystery-district', '{"gameId":"game-095"}'::jsonb),
  ('mystery-district-node-003', 'game-096', 'mystery-district', 'mystery-district', 29.755, 15.533, 3, 'placed', 'user-marked-v1-mystery-district', '{"gameId":"game-096"}'::jsonb),
  ('mystery-district-node-004', 'game-097', 'mystery-district', 'mystery-district', 85.94, 18.268, 4, 'placed', 'user-marked-v1-mystery-district', '{"gameId":"game-097"}'::jsonb),
  ('mystery-district-node-005', 'game-098', 'mystery-district', 'mystery-district', 71.357, 18.561, 5, 'placed', 'user-marked-v1-mystery-district', '{"gameId":"game-098"}'::jsonb),
  ('mystery-district-node-006', 'game-099', 'mystery-district', 'mystery-district', 14, 22.662, 6, 'placed', 'user-marked-v1-mystery-district', '{"gameId":"game-099"}'::jsonb),
  ('mystery-district-node-007', 'game-100', 'mystery-district', 'mystery-district', 82.489, 29.205, 7, 'placed', 'user-marked-v1-mystery-district', '{"gameId":"game-100"}'::jsonb),
  ('mystery-district-node-008', 'game-101', 'mystery-district', 'mystery-district', 51.956, 31.842, 8, 'placed', 'user-marked-v1-mystery-district', '{"gameId":"game-101"}'::jsonb),
  ('mystery-district-node-009', 'game-102', 'mystery-district', 'mystery-district', 39.781, 32.233, 9, 'placed', 'user-marked-v1-mystery-district', '{"gameId":"game-102"}'::jsonb),
  ('wagering-port-node-008', 'game-103', 'wagering-port', 'wagering-port', 46.615, 29.59, 8, 'placed', 'user-marked-v1-wagering-port', '{"gameId":"game-103"}'::jsonb),
  ('wagering-port-node-009', 'game-104', 'wagering-port', 'wagering-port', 18.359, 37.207, 9, 'placed', 'user-marked-v1-wagering-port', '{"gameId":"game-104"}'::jsonb),
  ('wagering-port-node-010', 'game-105', 'wagering-port', 'wagering-port', 58.659, 42.578, 10, 'placed', 'user-marked-v1-wagering-port', '{"gameId":"game-105"}'::jsonb),
  ('wagering-port-node-011', 'game-106', 'wagering-port', 'wagering-port', 30.599, 43.457, 11, 'placed', 'user-marked-v1-wagering-port', '{"gameId":"game-106"}'::jsonb),
  ('wagering-port-node-012', 'game-107', 'wagering-port', 'wagering-port', 77.669, 46.191, 12, 'placed', 'user-marked-v1-wagering-port', '{"gameId":"game-107"}'::jsonb),
  ('wagering-port-node-013', 'game-108', 'wagering-port', 'wagering-port', 47.201, 49.219, 13, 'placed', 'user-marked-v1-wagering-port', '{"gameId":"game-108"}'::jsonb),
  ('wagering-port-node-014', 'game-109', 'wagering-port', 'wagering-port', 90.234, 52.051, 14, 'placed', 'user-marked-v1-wagering-port', '{"gameId":"game-109"}'::jsonb),
  ('wagering-port-node-015', 'game-110', 'wagering-port', 'wagering-port', 15.104, 58.887, 15, 'placed', 'user-marked-v1-wagering-port', '{"gameId":"game-110"}'::jsonb),
  ('wagering-port-node-016', 'game-111', 'wagering-port', 'wagering-port', 36.198, 60.938, 16, 'placed', 'user-marked-v1-wagering-port', '{"gameId":"game-111"}'::jsonb),
  ('wagering-port-node-017', 'game-112', 'wagering-port', 'wagering-port', 71.484, 61.328, 17, 'placed', 'user-marked-v1-wagering-port', '{"gameId":"game-112"}'::jsonb),
  ('wagering-port-node-018', 'game-113', 'wagering-port', 'wagering-port', 22.07, 79.004, 18, 'placed', 'user-marked-v1-wagering-port', '{"gameId":"game-113"}'::jsonb),
  ('wagering-port-node-019', 'game-114', 'wagering-port', 'wagering-port', 79.948, 80.566, 19, 'placed', 'user-marked-v1-wagering-port', '{"gameId":"game-114"}'::jsonb),
  ('social-isles-node-022', 'game-115', 'social-isles', 'social-isles', 16.154, 55.507, 22, 'placed', 'user-marked-v3-social-isles', '{"gameId":"game-115"}'::jsonb),
  ('social-isles-node-023', 'game-116', 'social-isles', 'social-isles', 48.065, 56.618, 23, 'placed', 'user-marked-v3-social-isles', '{"gameId":"game-116"}'::jsonb),
  ('social-isles-node-024', 'game-117', 'social-isles', 'social-isles', 78.208, 68.36, 24, 'placed', 'user-marked-v3-social-isles', '{"gameId":"game-117"}'::jsonb),
  ('social-isles-node-025', 'game-118', 'social-isles', 'social-isles', 24.127, 69.887, 25, 'placed', 'user-marked-v3-social-isles', '{"gameId":"game-118"}'::jsonb),
  ('social-isles-node-026', 'game-119', 'social-isles', 'social-isles', 46.9, 72.384, 26, 'placed', 'user-marked-v3-social-isles', '{"gameId":"game-119"}'::jsonb),
  ('wagering-port-node-020', 'game-120', 'wagering-port', 'wagering-port', 57.747, 85.645, 20, 'placed', 'user-marked-v1-wagering-port', '{"gameId":"game-120"}'::jsonb),
  ('social-isles-node-027', 'game-121', 'social-isles', 'social-isles', 40.824, 74.193, 27, 'placed', 'user-marked-v3-social-isles', '{"gameId":"game-121"}'::jsonb),
  ('social-isles-node-028', 'game-122', 'social-isles', 'social-isles', 71.065, 76.554, 28, 'placed', 'user-marked-v3-social-isles', '{"gameId":"game-122"}'::jsonb),
  ('social-isles-node-029', 'game-123', 'social-isles', 'social-isles', 50.848, 76.896, 29, 'placed', 'user-marked-v3-social-isles', '{"gameId":"game-123"}'::jsonb),
  ('social-isles-node-030', 'game-124', 'social-isles', 'social-isles', 20.885, 77.174, 30, 'placed', 'user-marked-v3-social-isles', '{"gameId":"game-124"}'::jsonb),
  ('social-isles-node-031', 'game-125', 'social-isles', 'social-isles', 78.579, 77.526, 31, 'placed', 'user-marked-v3-social-isles', '{"gameId":"game-125"}'::jsonb),
  ('route-territory-coast-node-021', 'game-126', 'route-territory-coast', 'route-territory-coast', 84.8, 65.141, 21, 'placed', 'user-marked-v1-route-territory-coast', '{"gameId":"game-126"}'::jsonb),
  ('route-territory-coast-node-022', 'game-127', 'route-territory-coast', 'route-territory-coast', 60.777, 65.727, 22, 'placed', 'user-marked-v1-route-territory-coast', '{"gameId":"game-127"}'::jsonb),
  ('social-isles-node-032', 'game-128', 'social-isles', 'social-isles', 39.854, 81.058, 32, 'placed', 'user-marked-v3-social-isles', '{"gameId":"game-128"}'::jsonb),
  ('social-isles-node-033', 'game-129', 'social-isles', 'social-isles', 47.416, 84.257, 33, 'placed', 'user-marked-v3-social-isles', '{"gameId":"game-129"}'::jsonb),
  ('strategy-plains-node-023', 'game-130', 'strategy-plains', 'strategy-plains', 8.988, 67.093, 23, 'placed', 'user-marked-v1-strategy-plains', '{"gameId":"game-130"}'::jsonb),
  ('strategy-plains-node-024', 'game-131', 'strategy-plains', 'strategy-plains', 23.506, 68.07, 24, 'placed', 'user-marked-v1-strategy-plains', '{"gameId":"game-131"}'::jsonb),
  ('route-territory-coast-node-023', 'game-132', 'route-territory-coast', 'route-territory-coast', 30.178, 69.731, 23, 'placed', 'user-marked-v1-route-territory-coast', '{"gameId":"game-132"}'::jsonb),
  ('strategy-plains-node-025', 'game-133', 'strategy-plains', 'strategy-plains', 73.571, 73.539, 25, 'placed', 'user-marked-v1-strategy-plains', '{"gameId":"game-133"}'::jsonb),
  ('strategy-plains-node-026', 'game-134', 'strategy-plains', 'strategy-plains', 89.522, 74.027, 26, 'placed', 'user-marked-v1-strategy-plains', '{"gameId":"game-134"}'::jsonb),
  ('engine-highlands-node-024', 'game-135', 'engine-highlands', 'engine-highlands', 42.451, 62.312, 24, 'placed', 'user-marked-v1-engine-highlands', '{"gameId":"game-135"}'::jsonb),
  ('engine-highlands-node-025', 'game-136', 'engine-highlands', 'engine-highlands', 21.618, 65.827, 25, 'placed', 'user-marked-v1-engine-highlands', '{"gameId":"game-136"}'::jsonb),
  ('mystery-district-node-010', 'game-137', 'mystery-district', 'mystery-district', 24.482, 35.846, 10, 'placed', 'user-marked-v1-mystery-district', '{"gameId":"game-137"}'::jsonb),
  ('mystery-district-node-011', 'game-138', 'mystery-district', 'mystery-district', 74.351, 38.483, 11, 'placed', 'user-marked-v1-mystery-district', '{"gameId":"game-138"}'::jsonb),
  ('mystery-district-node-012', 'game-139', 'mystery-district', 'mystery-district', 55.862, 46.393, 12, 'placed', 'user-marked-v1-mystery-district', '{"gameId":"game-139"}'::jsonb),
  ('mystery-district-node-013', 'game-140', 'mystery-district', 'mystery-district', 10.354, 47.076, 13, 'placed', 'user-marked-v1-mystery-district', '{"gameId":"game-140"}'::jsonb),
  ('mystery-district-node-014', 'game-141', 'mystery-district', 'mystery-district', 20.641, 51.178, 14, 'placed', 'user-marked-v1-mystery-district', '{"gameId":"game-141"}'::jsonb),
  ('mystery-district-node-015', 'game-142', 'mystery-district', 'mystery-district', 79.885, 52.155, 15, 'placed', 'user-marked-v1-mystery-district', '{"gameId":"game-142"}'::jsonb),
  ('mystery-district-node-016', 'game-143', 'mystery-district', 'mystery-district', 35.094, 53.815, 16, 'placed', 'user-marked-v1-mystery-district', '{"gameId":"game-143"}'::jsonb),
  ('mystery-district-node-017', 'game-144', 'mystery-district', 'mystery-district', 5.276, 54.694, 17, 'placed', 'user-marked-v1-mystery-district', '{"gameId":"game-144"}'::jsonb),
  ('mystery-district-node-018', 'game-145', 'mystery-district', 'mystery-district', 88.349, 56.256, 18, 'placed', 'user-marked-v1-mystery-district', '{"gameId":"game-145"}'::jsonb),
  ('mystery-district-node-019', 'game-146', 'mystery-district', 'mystery-district', 67.646, 60.26, 19, 'placed', 'user-marked-v1-mystery-district', '{"gameId":"game-146"}'::jsonb),
  ('mystery-district-node-020', 'game-147', 'mystery-district', 'mystery-district', 21.877, 71.686, 20, 'placed', 'user-marked-v1-mystery-district', '{"gameId":"game-147"}'::jsonb),
  ('mystery-district-node-021', 'game-148', 'mystery-district', 'mystery-district', 83.857, 72.76, 21, 'placed', 'user-marked-v1-mystery-district', '{"gameId":"game-148"}'::jsonb),
  ('mystery-district-node-022', 'game-149', 'mystery-district', 'mystery-district', 44.208, 77.057, 22, 'placed', 'user-marked-v1-mystery-district', '{"gameId":"game-149"}'::jsonb),
  ('mystery-district-node-023', 'game-150', 'mystery-district', 'mystery-district', 24.547, 85.065, 23, 'placed', 'user-marked-v1-mystery-district', '{"gameId":"game-150"}'::jsonb),
  ('mystery-district-node-024', 'game-151', 'mystery-district', 'mystery-district', 55.927, 86.627, 24, 'placed', 'user-marked-v1-mystery-district', '{"gameId":"game-151"}'::jsonb),
  ('mystery-district-node-025', 'game-152', 'mystery-district', 'mystery-district', 37.958, 89.362, 25, 'placed', 'user-marked-v1-mystery-district', '{"gameId":"game-152"}'::jsonb),
  ('mystery-district-node-026', 'game-153', 'mystery-district', 'mystery-district', 74.026, 89.948, 26, 'placed', 'user-marked-v1-mystery-district', '{"gameId":"game-153"}'::jsonb),
  ('engine-highlands-node-026', 'game-154', 'engine-highlands', 'engine-highlands', 92.516, 69.733, 26, 'placed', 'user-marked-v1-engine-highlands', '{"gameId":"game-154"}'::jsonb),
  ('engine-highlands-node-027', 'game-155', 'engine-highlands', 'engine-highlands', 49.808, 74.909, 27, 'placed', 'user-marked-v1-engine-highlands', '{"gameId":"game-155"}'::jsonb),
  ('route-territory-coast-node-024', 'game-156', 'route-territory-coast', 'route-territory-coast', 47.04, 71.391, 24, 'placed', 'user-marked-v1-route-territory-coast', '{"gameId":"game-156"}'::jsonb),
  ('route-territory-coast-node-025', 'game-157', 'route-territory-coast', 'route-territory-coast', 89.618, 72.465, 25, 'placed', 'user-marked-v1-route-territory-coast', '{"gameId":"game-157"}'::jsonb),
  ('strategy-plains-node-027', null, 'strategy-plains', 'strategy-plains', 57.621, 75.687, 27, 'placed', 'user-marked-v1-strategy-plains', '"none"'::jsonb),
  ('strategy-plains-node-028', null, 'strategy-plains', 'strategy-plains', 38.741, 78.715, 28, 'placed', 'user-marked-v1-strategy-plains', '"none"'::jsonb),
  ('strategy-plains-node-029', null, 'strategy-plains', 'strategy-plains', 25.785, 82.816, 29, 'placed', 'user-marked-v1-strategy-plains', '"none"'::jsonb),
  ('strategy-plains-node-030', null, 'strategy-plains', 'strategy-plains', 85.03, 87.406, 30, 'placed', 'user-marked-v1-strategy-plains', '"none"'::jsonb),
  ('engine-highlands-node-028', null, 'engine-highlands', 'engine-highlands', 67.321, 79.108, 28, 'placed', 'user-marked-v1-engine-highlands', '"none"'::jsonb),
  ('engine-highlands-node-029', null, 'engine-highlands', 'engine-highlands', 10.029, 79.401, 29, 'placed', 'user-marked-v1-engine-highlands', '"none"'::jsonb),
  ('engine-highlands-node-030', null, 'engine-highlands', 'engine-highlands', 22.138, 84.089, 30, 'placed', 'user-marked-v1-engine-highlands', '"none"'::jsonb),
  ('engine-highlands-node-031', null, 'engine-highlands', 'engine-highlands', 42.842, 86.628, 31, 'placed', 'user-marked-v1-engine-highlands', '"none"'::jsonb),
  ('engine-highlands-node-032', null, 'engine-highlands', 'engine-highlands', 63.935, 90.339, 32, 'placed', 'user-marked-v1-engine-highlands', '"none"'::jsonb),
  ('route-territory-coast-node-026', null, 'route-territory-coast', 'route-territory-coast', 77.053, 78.91, 26, 'placed', 'user-marked-v1-route-territory-coast', '"none"'::jsonb),
  ('route-territory-coast-node-027', null, 'route-territory-coast', 'route-territory-coast', 17.873, 84.086, 27, 'placed', 'user-marked-v1-route-territory-coast', '"none"'::jsonb),
  ('route-territory-coast-node-028', null, 'route-territory-coast', 'route-territory-coast', 36.167, 84.281, 28, 'placed', 'user-marked-v1-route-territory-coast', '"none"'::jsonb)
on conflict do nothing;

commit;
